{"weights": [0.1638751459035089, 1.1405598200521763, -0.09333022102230984, -0.01952529324110343, -0.037255862479168685, 0.0349435709432839, -0.021490321316312674, 0.0035785756050072705, -0.027381188457203543, 0.009624780033772878, -0.03342739288596911], "bias": -0.02380261285219599}